{"cameraMode":{"drawMode":0,"name":"Shaded","section":"Shading Mode"},"sceneLighting":true,"audioPlay":false,"sceneViewState":{"showFog":true,"showMaterialUpdate":false,"showSkybox":true,"showFlares":true,"showImageEffects":true,"showParticleSystems":true},"in2DMode":false,"pivot":{"x":-8.478675842285157,"y":-5.967469215393066,"z":-79.1683578491211},"rotation":{"x":-0.021847132593393327,"y":0.9740251898765564,"z":-0.10738983005285263,"w":-0.19815419614315034},"size":53.16828918457031,"orthographic":false}